rebalance_frequency,final_norm_value
24,86.71562440148784
48,89.6060775722936
72,113.44989246906039
96,131.33520705905693
120,113.07378394590245
360,89.73429463808938
