,CRV,LINK,UNI,WBTC
0,0.0,0.9409359693527222,0.059063974767923355,0.0
